customer_id,senior_citizen,partner,dependents,tenure,phone_service,multiple_lines,internet_service,online_security,online_backup,device_protection,tech_support,streaming_tv,streaming_movies,contract,paperless_billing,payment_method,monthly_charges,total_charges
9708-HPXWZ,Yes,No,No,5,No,No,DSL,No,No,Yes,Yes,Yes,No,Month-to-month,No,Credit card (automatic),45.4,214.75
6992-TKNYO,No,Yes,No,38,Yes,Yes,DSL,No,No,Yes,Yes,No,Yes,One year,No,Credit card (automatic),69,2669.45
4468-YDOVK,No,No,Yes,5,Yes,No,DSL,No,No,No,Yes,No,No,Month-to-month,Yes,Bank transfer (automatic),48.65,235.2
3754-DXMRT,Yes,No,No,2,Yes,No,DSL,No,No,No,No,No,No,Month-to-month,Yes,Electronic check,44.15,92.65
5792-JALQC,Yes,No,No,52,Yes,Yes,DSL,Yes,No,Yes,No,No,No,Two year,No,Bank transfer (automatic),59.85,3103.25
7130-VTEWQ,Yes,No,No,8,Yes,Yes,Fiber optic,No,No,No,No,No,No,Month-to-month,Yes,Electronic check,75.75,606.25
2200-DSAAL,No,No,No,68,Yes,Yes,DSL,No,Yes,Yes,No,Yes,Yes,Two year,Yes,Electronic check,80.65,5330.2
4302-ZYFEL,No,Yes,Yes,69,Yes,No,No,No,No,No,No,No,No,One year,Yes,Credit card (automatic),20.55,1403.1
9351-LZYGF,No,Yes,No,42,Yes,Yes,DSL,Yes,Yes,No,Yes,No,No,Month-to-month,Yes,Credit card (automatic),66.4,2727.8
4366-CTOUZ,No,No,No,50,Yes,No,Fiber optic,No,Yes,No,Yes,Yes,Yes,Two year,Yes,Mailed check,100.2,5038.45
6121-VZNQB,No,No,No,1,Yes,No,No,No,No,No,No,No,No,Month-to-month,Yes,Mailed check,19.1,19.1
7903-CMPEY,Yes,Yes,No,1,Yes,Yes,Fiber optic,Yes,No,No,No,No,No,Month-to-month,Yes,Electronic check,80.3,80.3
1518-OMDIK,No,Yes,No,33,Yes,No,DSL,No,No,No,No,No,No,Month-to-month,Yes,Credit card (automatic),44.55,1462.6
6671-NGWON,No,No,No,7,Yes,No,No,No,No,No,No,No,No,Month-to-month,No,Mailed check,20.35,150.6
0595-ITUDF,No,Yes,Yes,64,Yes,Yes,Fiber optic,Yes,Yes,Yes,No,No,No,Month-to-month,Yes,Electronic check,91.8,5960.5
6996-KNSML,No,No,No,1,Yes,No,Fiber optic,No,No,Yes,No,No,No,Month-to-month,Yes,Electronic check,74.9,74.9
1955-IBMMB,No,No,No,59,Yes,No,No,No,No,No,No,No,No,Two year,Yes,Bank transfer (automatic),20.2,1192.3
0096-BXERS,No,Yes,No,6,Yes,Yes,DSL,No,No,No,No,No,No,Month-to-month,No,Electronic check,50.35,314.55
3806-YAZOV,No,No,No,3,Yes,No,No,No,No,No,No,No,No,Month-to-month,No,Mailed check,18.8,56
7998-ZLXWN,No,Yes,No,15,Yes,No,No,No,No,No,No,No,No,Month-to-month,No,Credit card (automatic),20.45,330.8
6253-WRFHY,No,Yes,Yes,13,Yes,No,DSL,No,No,No,No,Yes,Yes,One year,Yes,Electronic check,64.75,877.35
9133-AYJZG,No,No,No,23,Yes,Yes,Fiber optic,No,Yes,No,No,Yes,Yes,Month-to-month,Yes,Credit card (automatic),98.7,2249.1
2675-OTVVJ,Yes,Yes,No,31,Yes,Yes,Fiber optic,Yes,No,No,No,Yes,No,Month-to-month,No,Electronic check,89.45,2807.65
8680-CGLTP,No,No,No,29,Yes,No,DSL,Yes,Yes,No,Yes,No,No,One year,Yes,Electronic check,58.75,1696.2
8430-TWCBX,No,Yes,No,49,Yes,No,No,No,No,No,No,No,No,One year,No,Credit card (automatic),20.7,1032.05
5018-GWURO,No,Yes,No,56,Yes,Yes,Fiber optic,No,No,No,No,Yes,No,Month-to-month,Yes,Bank transfer (automatic),85.6,4902.8
6741-QRLUP,No,No,No,63,Yes,Yes,DSL,Yes,Yes,Yes,Yes,No,Yes,Two year,Yes,Credit card (automatic),80.3,4995.35
4737-HOBAX,No,Yes,No,63,Yes,Yes,DSL,No,No,Yes,Yes,Yes,Yes,Two year,No,Credit card (automatic),79.8,5034.05
0537-QYZZN,Yes,Yes,Yes,24,Yes,Yes,Fiber optic,Yes,No,No,No,No,No,Month-to-month,Yes,Electronic check,79.85,1857.75
3340-QBBFM,Yes,Yes,No,36,Yes,No,DSL,No,No,Yes,Yes,No,No,One year,No,Credit card (automatic),54.1,1992.85
1704-NRWYE,Yes,No,No,9,Yes,No,Fiber optic,No,No,No,No,Yes,No,Month-to-month,Yes,Electronic check,80.85,751.65
2592-SEIFQ,No,No,No,3,No,No,DSL,No,No,No,No,No,No,Month-to-month,No,Electronic check,24.75,66.95
8200-KLNYW,No,Yes,No,21,Yes,No,DSL,Yes,No,Yes,Yes,Yes,Yes,One year,No,Mailed check,80.9,1714.95
3372-CDXFJ,No,Yes,Yes,13,Yes,Yes,No,No,No,No,No,No,No,One year,No,Bank transfer (automatic),24.5,343.6
4781-ZXYGU,No,Yes,Yes,1,Yes,No,No,No,No,No,No,No,No,Month-to-month,Yes,Bank transfer (automatic),20.15,20.15
7632-YUTXB,No,Yes,Yes,25,Yes,No,No,No,No,No,No,No,No,One year,No,Mailed check,20.05,520.1
2718-YSKCS,No,Yes,Yes,71,Yes,No,No,No,No,No,No,No,No,Two year,Yes,Bank transfer (automatic),19.6,1387.45
9896-UYMIE,No,No,No,66,Yes,Yes,Fiber optic,Yes,Yes,Yes,Yes,Yes,Yes,One year,Yes,Bank transfer (automatic),114.3,7383.7
0853-NWIFK,No,No,No,45,Yes,No,Fiber optic,Yes,Yes,No,No,Yes,Yes,One year,Yes,Electronic check,100.3,4483.95
8212-CRQXP,No,Yes,No,22,Yes,No,Fiber optic,No,No,No,No,Yes,No,Month-to-month,Yes,Credit card (automatic),80,1706.45
6980-CDGFC,No,Yes,No,67,Yes,No,No,No,No,No,No,No,No,One year,Yes,Bank transfer (automatic),20.85,1327.4
7691-XVTZH,No,Yes,No,68,Yes,Yes,Fiber optic,No,No,Yes,No,Yes,No,Two year,Yes,Bank transfer (automatic),89.95,5974.3
2520-SGTTA,No,Yes,Yes,0,Yes,No,No,No,No,No,No,No,No,Two year,No,Mailed check,20,2283.300441
7481-ATQQS,Yes,No,No,49,Yes,Yes,Fiber optic,No,No,Yes,No,No,Yes,Month-to-month,Yes,Credit card (automatic),90.85,4515.85
2277-VWCNI,Yes,No,No,4,Yes,Yes,DSL,No,No,No,No,No,No,Month-to-month,No,Mailed check,48.75,179.85
1088-CNNKB,No,Yes,No,63,Yes,Yes,DSL,Yes,Yes,Yes,Yes,No,Yes,One year,No,Credit card (automatic),80,5040.2
8642-GVWRF,No,Yes,No,2,Yes,No,Fiber optic,No,Yes,Yes,No,No,No,Month-to-month,No,Bank transfer (automatic),79.7,165
1930-BZLHI,No,No,No,21,Yes,No,No,No,No,No,No,No,No,One year,Yes,Mailed check,20.35,422.7
3400-ESFUW,No,Yes,Yes,55,Yes,No,DSL,Yes,Yes,No,Yes,No,No,Two year,No,Bank transfer (automatic),57.55,3046.4
5868-YTYKS,No,No,Yes,1,Yes,No,No,No,No,No,No,No,No,Month-to-month,Yes,Mailed check,20.25,20.25
3525-DVKFN,No,No,No,17,Yes,No,No,No,No,No,No,No,No,Two year,No,Mailed check,19.4,358.05
1482-OXZSY,No,No,No,30,Yes,Yes,Fiber optic,Yes,No,No,No,Yes,Yes,Month-to-month,Yes,Bank transfer (automatic),100.4,2936.25
0377-JBKKT,No,Yes,Yes,22,Yes,No,DSL,Yes,Yes,No,Yes,No,No,Month-to-month,Yes,Mailed check,57.95,1271.8
5778-BVOFB,No,No,No,9,Yes,No,DSL,No,No,No,Yes,Yes,No,Month-to-month,Yes,Bank transfer (automatic),59.5,530.05
3373-YZZYM,No,Yes,Yes,1,Yes,No,No,No,No,No,No,No,No,Month-to-month,No,Mailed check,19.2,19.2
2057-ZBLPD,No,Yes,No,21,Yes,Yes,Fiber optic,No,No,No,No,No,Yes,Month-to-month,Yes,Electronic check,86.5,1808.7
0228-MAUWC,No,No,No,19,Yes,Yes,DSL,No,No,Yes,Yes,No,No,Month-to-month,No,Electronic check,59.55,1144.6
5502-RLUYV,No,Yes,Yes,69,Yes,Yes,Fiber optic,No,Yes,Yes,No,Yes,Yes,Month-to-month,Yes,Electronic check,103.95,7446.9
0023-HGHWL,Yes,No,No,1,No,No,DSL,No,No,No,No,No,No,Month-to-month,Yes,Electronic check,25.1,25.1
7663-YJHSN,No,Yes,No,72,Yes,Yes,Fiber optic,Yes,Yes,Yes,Yes,Yes,No,Two year,Yes,Bank transfer (automatic),103.95,7556.9
4915-BFSXL,No,Yes,Yes,70,Yes,Yes,DSL,Yes,No,Yes,No,Yes,No,Two year,No,Credit card (automatic),68.95,4858.7
3086-RUCRN,No,No,No,66,Yes,Yes,Fiber optic,Yes,Yes,Yes,Yes,No,Yes,Month-to-month,Yes,Bank transfer (automatic),103.1,6595
5215-LNLDJ,No,Yes,Yes,7,No,No,DSL,No,No,No,No,No,No,Month-to-month,Yes,Electronic check,24.7,149.05
7576-JMYWV,Yes,Yes,Yes,46,Yes,Yes,Fiber optic,Yes,Yes,No,Yes,Yes,Yes,Month-to-month,Yes,Electronic check,110.2,4972.1
9039-RBEEE,No,No,No,39,No,No,DSL,Yes,Yes,No,Yes,Yes,No,Month-to-month,Yes,Credit card (automatic),48.95,1880.85
0257-KXZGU,No,Yes,Yes,32,Yes,Yes,DSL,No,Yes,Yes,No,No,No,Month-to-month,No,Bank transfer (automatic),62.45,2045.55
1307-ATKGB,No,No,No,24,Yes,No,Fiber optic,No,Yes,Yes,No,No,Yes,Month-to-month,Yes,Electronic check,89.55,2187.15
8417-FMLZI,No,Yes,Yes,6,Yes,No,Fiber optic,No,Yes,No,No,No,Yes,Month-to-month,Yes,Credit card (automatic),83.55,477.55
3714-XPXBW,No,No,No,37,Yes,Yes,DSL,Yes,Yes,Yes,Yes,Yes,No,Month-to-month,Yes,Credit card (automatic),78.9,2976.95
1850-AKQEP,No,No,Yes,8,Yes,No,No,No,No,No,No,No,No,Month-to-month,No,Mailed check,20.35,178.7
2824-DXNKN,No,Yes,Yes,72,Yes,Yes,DSL,Yes,No,Yes,No,Yes,No,Two year,Yes,Bank transfer (automatic),71.45,5025.85
5227-JSCFE,Yes,Yes,No,71,No,No,DSL,Yes,Yes,Yes,Yes,No,No,Two year,No,Credit card (automatic),46.35,3353.4
0848-ZGQIJ,No,Yes,No,16,Yes,No,Fiber optic,No,Yes,No,No,Yes,Yes,Month-to-month,Yes,Bank transfer (automatic),94.65,1461.15
3621-CHYVB,No,Yes,No,57,No,No,DSL,Yes,No,Yes,Yes,No,Yes,Month-to-month,Yes,Bank transfer (automatic),49.9,2782.4
8042-RNLKO,No,No,No,66,Yes,Yes,No,No,No,No,No,No,No,One year,No,Bank transfer (automatic),25.45,1699.15
1792-UXAFY,Yes,No,No,17,Yes,No,Fiber optic,No,Yes,Yes,No,Yes,No,Month-to-month,Yes,Electronic check,89.15,1496.9
5372-FBKBN,No,No,Yes,21,Yes,No,No,No,No,No,No,No,No,Month-to-month,No,Mailed check,20.75,452.2
0420-TXVSG,No,Yes,No,66,Yes,Yes,DSL,Yes,Yes,Yes,No,No,No,Two year,Yes,Credit card (automatic),66.1,4428.45
6217-TOWGS,No,Yes,No,17,Yes,Yes,DSL,No,Yes,No,No,Yes,Yes,Month-to-month,Yes,Bank transfer (automatic),75.4,1322.55
0515-YPMCW,No,No,Yes,1,Yes,No,Fiber optic,No,No,No,No,No,No,Month-to-month,Yes,Mailed check,70.45,70.45
0378-XSZPU,No,Yes,No,58,Yes,No,DSL,Yes,Yes,Yes,No,No,No,One year,No,Credit card (automatic),60.3,3563.8
1045-LTCYT,No,Yes,Yes,8,Yes,No,No,No,No,No,No,No,No,Month-to-month,No,Credit card (automatic),21.05,139.75
1544-JJMYL,No,No,No,27,Yes,No,DSL,Yes,No,Yes,Yes,Yes,No,One year,No,Credit card (automatic),69.35,1927.3
4636-JGAAI,No,Yes,No,34,Yes,Yes,Fiber optic,No,Yes,No,No,No,Yes,Month-to-month,No,Mailed check,88.85,3000.25
6874-SGLHU,No,No,No,30,Yes,No,Fiber optic,No,Yes,No,No,Yes,Yes,One year,Yes,Bank transfer (automatic),97,3021.3
5951-AOFIH,No,No,No,33,Yes,No,DSL,No,Yes,Yes,No,Yes,No,Month-to-month,Yes,Credit card (automatic),66.4,2245.4
4729-XKASR,No,No,Yes,1,No,No,DSL,No,No,No,No,No,No,Month-to-month,No,Electronic check,24.75,24.75
3059-NGMXB,No,Yes,Yes,14,Yes,Yes,DSL,Yes,Yes,No,No,No,Yes,Month-to-month,No,Mailed check,69.2,944.65
8652-YHIYU,No,No,Yes,16,Yes,Yes,Fiber optic,No,No,No,Yes,No,No,One year,Yes,Credit card (automatic),79.5,1264.2
5278-PNYOX,No,No,No,49,Yes,No,Fiber optic,No,No,Yes,Yes,Yes,Yes,Two year,No,Credit card (automatic),100.65,4917.75
5449-FIBXJ,No,Yes,Yes,19,Yes,Yes,Fiber optic,No,No,Yes,Yes,Yes,Yes,Month-to-month,No,Electronic check,103.3,2012.7
3486-HOOGQ,No,Yes,Yes,70,Yes,Yes,DSL,Yes,Yes,Yes,Yes,Yes,No,Two year,No,Bank transfer (automatic),79.7,5743.3
5061-PBXFW,No,Yes,Yes,32,Yes,No,DSL,Yes,Yes,No,Yes,No,No,Month-to-month,No,Bank transfer (automatic),61.4,1864.65
8630-FJLIB,No,No,No,18,Yes,No,Fiber optic,No,No,No,No,No,No,Month-to-month,Yes,Electronic check,69.8,1221.65
3891-NLXJB,No,No,No,37,No,No,DSL,Yes,Yes,No,Yes,No,No,Two year,Yes,Mailed check,40.55,1390.85
4749-OJKQU,No,No,No,4,Yes,Yes,Fiber optic,No,No,No,No,No,No,Month-to-month,Yes,Electronic check,75.65,302.35
0577-WHMEV,No,Yes,No,16,Yes,Yes,Fiber optic,Yes,Yes,Yes,No,No,No,Month-to-month,No,Electronic check,90.7,1374.9
5453-AXEPF,No,Yes,No,17,Yes,Yes,Fiber optic,No,Yes,No,No,No,No,Month-to-month,Yes,Bank transfer (automatic),80.5,1336.9
3639-XJHKQ,No,No,Yes,19,Yes,No,DSL,Yes,Yes,Yes,No,No,No,Month-to-month,Yes,Electronic check,60.6,1297.8
3716-LRGXK,No,Yes,No,60,Yes,Yes,Fiber optic,No,No,Yes,No,Yes,Yes,Two year,No,Credit card (automatic),101.15,6067.4
2263-SFSQZ,No,Yes,Yes,51,Yes,Yes,No,No,No,No,No,No,No,Two year,Yes,Mailed check,24.95,1222.25
9950-MTGYX,No,Yes,Yes,28,Yes,No,No,No,No,No,No,No,No,Two year,Yes,Credit card (automatic),20.3,487.95
3397-AVTKU,No,No,No,43,Yes,No,DSL,No,Yes,No,No,No,Yes,Two year,Yes,Electronic check,60,2548.55
4825-FUREZ,No,Yes,No,42,Yes,No,No,No,No,No,No,No,No,Two year,No,Electronic check,20.25,835.5
9837-BMCLM,No,No,No,3,Yes,No,Fiber optic,No,No,No,No,Yes,No,Month-to-month,Yes,Electronic check,78.5,242.05
2672-OJQZP,No,No,No,1,Yes,No,DSL,No,No,No,No,No,No,Month-to-month,No,Mailed check,44.75,44.75
0137-UDEUO,No,No,No,3,Yes,No,No,No,No,No,No,No,No,Month-to-month,No,Mailed check,19.85,63.75
3134-DSHVC,No,No,No,63,Yes,Yes,Fiber optic,Yes,Yes,Yes,No,Yes,No,Two year,No,Credit card (automatic),98,6218.45
6161-UUUTA,Yes,No,No,3,Yes,No,Fiber optic,No,No,No,No,Yes,No,Month-to-month,Yes,Electronic check,79.9,260.9
7821-DPRQE,No,Yes,No,68,Yes,Yes,Fiber optic,Yes,Yes,No,Yes,Yes,Yes,Month-to-month,Yes,Electronic check,107.7,7320.9
6543-XRMYR,Yes,No,No,30,Yes,Yes,Fiber optic,No,Yes,No,No,Yes,Yes,Month-to-month,Yes,Electronic check,99.7,2967.35
2001-EWBQU,No,No,No,60,Yes,Yes,Fiber optic,No,Yes,Yes,No,Yes,Yes,Two year,No,Electronic check,104.7,6333.8
4925-LMHOK,No,No,No,15,Yes,Yes,DSL,No,Yes,No,Yes,No,No,Month-to-month,Yes,Credit card (automatic),58.6,939.7
1608-GMEWB,Yes,No,No,45,Yes,Yes,Fiber optic,No,No,No,No,Yes,Yes,Month-to-month,Yes,Bank transfer (automatic),93.9,4200.25
6695-AMZUF,No,Yes,No,70,Yes,No,DSL,Yes,Yes,Yes,Yes,Yes,Yes,Two year,No,Credit card (automatic),86.45,5950.2
1455-UGQVH,No,Yes,No,10,Yes,Yes,Fiber optic,No,No,Yes,No,Yes,Yes,Month-to-month,Yes,Electronic check,98.5,1037.75
8410-BGQXN,No,No,No,4,Yes,No,No,No,No,No,No,No,No,Month-to-month,No,Mailed check,19.4,93.4
8280-MQRQN,No,No,No,1,Yes,No,DSL,No,No,Yes,No,No,No,Month-to-month,Yes,Mailed check,50.45,50.45
1619-YWUBB,No,Yes,No,68,Yes,Yes,No,No,No,No,No,No,No,Two year,Yes,Credit card (automatic),24.95,1614.9
7611-YKYTC,No,Yes,Yes,22,Yes,No,Fiber optic,Yes,No,No,No,No,No,Month-to-month,No,Bank transfer (automatic),75,1573.95
2037-SGXHH,No,Yes,Yes,38,Yes,Yes,Fiber optic,No,Yes,Yes,No,Yes,No,Month-to-month,Yes,Electronic check,94.65,3624.3
3178-FESZO,No,No,No,1,Yes,Yes,Fiber optic,No,Yes,No,No,Yes,Yes,Month-to-month,Yes,Credit card (automatic),100.25,100.25
0365-GXEZS,No,Yes,No,18,Yes,No,Fiber optic,No,No,Yes,Yes,No,No,Month-to-month,No,Electronic check,78.2,1468.75
0082-OQIQY,No,No,No,29,Yes,No,Fiber optic,No,No,No,Yes,Yes,Yes,Month-to-month,Yes,Electronic check,94.2,2607.6
6087-MVHJH,No,No,No,16,Yes,Yes,Fiber optic,No,No,Yes,No,No,Yes,Month-to-month,Yes,Electronic check,88.45,1422.1
4603-JANFB,No,No,No,1,Yes,No,Fiber optic,No,No,No,No,No,No,Month-to-month,Yes,Electronic check,69.85,69.85
3018-TFTSU,No,No,No,12,Yes,No,Fiber optic,Yes,No,Yes,No,No,No,Month-to-month,No,Bank transfer (automatic),81.7,858.6
3606-SBKRY,No,No,No,31,No,No,DSL,No,No,Yes,No,Yes,Yes,One year,Yes,Electronic check,50.05,1523.4
4806-KEXQR,No,No,No,4,Yes,No,Fiber optic,No,No,No,No,No,Yes,Month-to-month,Yes,Electronic check,79.9,324.3
0667-NSRGI,No,Yes,No,48,Yes,Yes,DSL,No,No,Yes,Yes,No,Yes,One year,Yes,Mailed check,69.55,3435.6
7083-YNSKY,No,No,No,15,Yes,Yes,No,No,No,No,No,No,No,Month-to-month,Yes,Credit card (automatic),25.4,399.6
6893-ODYYE,No,No,No,50,Yes,No,Fiber optic,Yes,Yes,Yes,Yes,No,No,One year,Yes,Credit card (automatic),90.1,4549.45
8242-JSVBO,No,No,No,7,Yes,No,DSL,No,No,No,No,No,No,Month-to-month,Yes,Bank transfer (automatic),44.65,322.5
2479-BRAMR,Yes,Yes,No,41,Yes,Yes,Fiber optic,Yes,No,Yes,No,No,No,Month-to-month,Yes,Bank transfer (automatic),83.75,3273.55
9541-ZPSEA,No,Yes,Yes,68,Yes,No,Fiber optic,Yes,No,Yes,No,No,No,Two year,No,Credit card (automatic),80.35,5375.15
2665-NPTGL,Yes,Yes,No,26,Yes,Yes,Fiber optic,No,No,Yes,No,Yes,Yes,Month-to-month,Yes,Bank transfer (automatic),98.1,2510.7
1139-WUOAH,No,No,No,57,No,No,DSL,No,No,Yes,Yes,Yes,Yes,Two year,No,Credit card (automatic),53.35,3090.05
4693-VWVBO,No,No,No,3,Yes,No,No,No,No,No,No,No,No,Month-to-month,No,Electronic check,19.55,61.05
7434-SHXLS,No,No,No,1,Yes,No,No,No,No,No,No,No,No,Month-to-month,No,Mailed check,20.9,20.9
6937-GCDGQ,No,Yes,Yes,19,Yes,No,DSL,Yes,No,No,No,No,No,One year,Yes,Bank transfer (automatic),48.95,955.6
0988-JRWWP,No,No,No,3,Yes,No,DSL,No,No,No,No,Yes,No,Month-to-month,Yes,Electronic check,54.2,140.4
5075-JSDKI,No,No,No,59,Yes,Yes,No,No,No,No,No,No,No,Two year,No,Electronic check,24.45,1493.1
7908-QCBCA,No,Yes,No,1,Yes,No,Fiber optic,No,No,No,No,No,No,Month-to-month,Yes,Mailed check,69.4,69.4
8644-XYTSV,No,Yes,No,42,No,No,DSL,Yes,No,No,No,Yes,No,Month-to-month,Yes,Bank transfer (automatic),40.15,1626.05
6711-FLDFB,No,No,No,7,Yes,Yes,Fiber optic,No,No,No,No,No,No,Month-to-month,Yes,Electronic check,74.9,541.15
3873-WOSBC,No,Yes,No,67,Yes,Yes,No,No,No,No,No,No,No,Two year,No,Credit card (automatic),25.6,1784.9
7465-ZZRVX,No,No,No,1,Yes,No,Fiber optic,No,No,No,No,No,No,Month-to-month,Yes,Electronic check,70.35,70.35
7975-JMZNT,No,Yes,No,66,Yes,Yes,DSL,Yes,Yes,Yes,Yes,Yes,Yes,Two year,No,Bank transfer (automatic),91.7,6075.9
7251-XFOIL,No,No,No,61,Yes,Yes,Fiber optic,No,No,Yes,No,No,Yes,Month-to-month,No,Mailed check,89.2,5500.6
4116-IQRFR,No,Yes,Yes,4,Yes,Yes,No,No,No,No,No,No,No,One year,No,Credit card (automatic),24.1,73.1
3714-JTVOV,Yes,Yes,No,42,Yes,No,Fiber optic,Yes,No,No,No,No,No,Month-to-month,Yes,Credit card (automatic),74.15,3229.4
8259-DZLIZ,No,Yes,Yes,64,Yes,Yes,DSL,No,Yes,No,No,No,No,One year,Yes,Bank transfer (automatic),53.85,3399.85
0442-ZXKVS,Yes,Yes,No,54,Yes,Yes,Fiber optic,Yes,Yes,Yes,Yes,Yes,Yes,One year,Yes,Bank transfer (automatic),115.6,6431.05
7853-WNZSY,No,No,No,1,Yes,No,No,No,No,No,No,No,No,Month-to-month,Yes,Credit card (automatic),19.75,19.75
3120-FAZKD,No,Yes,Yes,54,Yes,Yes,No,No,No,No,No,No,No,Two year,Yes,Bank transfer (automatic),24.05,1230.9
8606-OEGQZ,No,No,Yes,18,Yes,Yes,No,No,No,No,No,No,No,Two year,No,Credit card (automatic),25.3,454.65
0225-ZORZP,No,No,No,3,Yes,No,Fiber optic,No,Yes,No,No,No,Yes,Month-to-month,No,Electronic check,84.3,235.05
4702-IOQDC,No,No,No,1,Yes,No,Fiber optic,No,No,No,No,No,No,Month-to-month,Yes,Electronic check,70.1,70.1
9489-JMTTN,No,Yes,Yes,72,Yes,Yes,DSL,Yes,Yes,Yes,Yes,Yes,Yes,Two year,No,Credit card (automatic),89.75,6595.9
0575-CUQOV,Yes,Yes,No,60,Yes,No,Fiber optic,No,Yes,Yes,No,Yes,Yes,One year,Yes,Electronic check,97.95,5867
0967-BMLBD,No,Yes,Yes,11,Yes,No,No,No,No,No,No,No,No,One year,Yes,Mailed check,20,196.35
6178-KFNHS,No,No,Yes,12,Yes,Yes,Fiber optic,Yes,No,No,No,No,No,Month-to-month,Yes,Electronic check,78.3,909.25
2830-LEWOA,No,Yes,Yes,61,Yes,No,Fiber optic,No,Yes,Yes,Yes,Yes,Yes,One year,No,Credit card (automatic),103.9,6449.15
5006-MXVRN,No,No,No,39,Yes,No,No,No,No,No,No,No,No,Two year,No,Credit card (automatic),20.7,762.45
1264-BYWMS,No,No,No,55,Yes,Yes,Fiber optic,No,No,No,No,Yes,Yes,Month-to-month,Yes,Electronic check,96.8,5283.95
9658-WYUFB,No,No,No,17,Yes,Yes,Fiber optic,Yes,Yes,No,No,Yes,No,Month-to-month,Yes,Electronic check,94.4,1617.5
8327-WKMIE,No,No,No,37,Yes,No,No,No,No,No,No,No,No,One year,No,Credit card (automatic),20.15,785.75
6917-FIJHC,No,Yes,No,72,Yes,Yes,No,No,No,No,No,No,No,Two year,Yes,Mailed check,26,1776
5329-KRDTM,Yes,Yes,No,72,Yes,Yes,DSL,No,Yes,Yes,Yes,Yes,No,Two year,No,Credit card (automatic),77.35,5396.25
7797-EJMDP,No,No,No,8,Yes,No,DSL,Yes,No,No,Yes,No,Yes,Month-to-month,No,Bank transfer (automatic),66.05,574.5
3530-VWVGU,No,Yes,Yes,22,Yes,No,No,No,No,No,No,No,No,Month-to-month,No,Mailed check,19.9,400.3
2013-SGDXK,No,No,No,1,Yes,No,Fiber optic,No,Yes,No,No,Yes,No,Month-to-month,No,Electronic check,84.3,84.3
6368-NWMCE,No,No,No,38,Yes,Yes,DSL,No,Yes,No,Yes,No,Yes,Month-to-month,No,Credit card (automatic),68.15,2656.3
3633-CDBUW,No,No,Yes,17,Yes,No,DSL,No,Yes,Yes,Yes,Yes,Yes,One year,No,Electronic check,80.85,1445.95
0707-HOVVN,Yes,No,No,70,Yes,Yes,DSL,No,Yes,Yes,Yes,Yes,No,Two year,Yes,Bank transfer (automatic),75.5,5212.65
8580-QVLOC,Yes,Yes,Yes,72,Yes,Yes,DSL,Yes,Yes,Yes,Yes,Yes,Yes,Two year,No,Credit card (automatic),92.45,6440.25
3956-MGXOG,No,No,No,28,Yes,No,Fiber optic,No,No,No,No,No,Yes,Month-to-month,Yes,Electronic check,80.6,2244.95
9274-UARKJ,No,No,No,15,Yes,No,Fiber optic,No,Yes,No,No,Yes,No,Month-to-month,Yes,Bank transfer (automatic),83.2,1130
4077-HWUYD,No,Yes,Yes,72,Yes,Yes,DSL,Yes,Yes,Yes,Yes,Yes,Yes,Two year,Yes,Bank transfer (automatic),87.55,6463.15
2012-NWRPA,Yes,Yes,No,11,Yes,Yes,Fiber optic,No,No,Yes,No,Yes,Yes,Month-to-month,Yes,Electronic check,99.55,1131.2
8808-ELEHO,Yes,No,No,8,Yes,Yes,Fiber optic,No,No,Yes,No,No,No,Month-to-month,Yes,Electronic check,81.25,585.95
0103-CSITQ,No,Yes,No,57,Yes,Yes,Fiber optic,No,Yes,Yes,Yes,Yes,Yes,One year,Yes,Bank transfer (automatic),109.4,6252.7
3506-LCJDC,No,Yes,Yes,1,Yes,No,No,No,No,No,No,No,No,Month-to-month,No,Bank transfer (automatic),19.95,19.95
8671-KKKOS,No,Yes,No,46,No,No,DSL,Yes,Yes,No,No,Yes,No,Month-to-month,No,Electronic check,45.55,2062.15
7305-ZWMAJ,No,Yes,No,30,Yes,No,No,No,No,No,No,No,No,One year,No,Credit card (automatic),20.7,587.1
9518-XXBXE,Yes,Yes,No,10,Yes,No,Fiber optic,Yes,No,No,No,No,No,Month-to-month,No,Electronic check,75.3,720.45
3934-HXCFZ,No,Yes,No,23,Yes,Yes,Fiber optic,Yes,Yes,Yes,No,Yes,No,Month-to-month,Yes,Electronic check,99.25,2186.4
6578-KRMAW,No,No,No,32,Yes,No,Fiber optic,Yes,Yes,Yes,No,No,Yes,Month-to-month,Yes,Credit card (automatic),93.4,2979.3
4860-IJUDE,No,No,No,13,Yes,No,Fiber optic,Yes,No,No,No,No,No,Month-to-month,Yes,Credit card (automatic),73.75,956.65
7666-WKRON,No,No,No,39,Yes,No,Fiber optic,No,No,Yes,Yes,No,No,Two year,Yes,Electronic check,80.45,3201.55
9688-YGXVR,No,No,No,44,Yes,No,Fiber optic,No,Yes,Yes,No,Yes,No,Month-to-month,Yes,Credit card (automatic),88.15,3973.2
0423-UDIJQ,Yes,No,No,9,Yes,No,DSL,No,No,No,Yes,No,No,Month-to-month,No,Mailed check,49.2,447.9
1945-XISKS,No,Yes,No,67,Yes,No,No,No,No,No,No,No,No,Two year,No,Mailed check,19.65,1335.2
4910-AQFFX,No,Yes,Yes,9,Yes,Yes,Fiber optic,No,No,Yes,No,No,No,Month-to-month,Yes,Bank transfer (automatic),79.35,661.25
2154-KVJFF,No,No,No,15,Yes,Yes,Fiber optic,No,Yes,No,No,No,No,Month-to-month,Yes,Electronic check,79.75,1111.85
5360-LJCNJ,No,Yes,No,71,Yes,Yes,Fiber optic,No,Yes,Yes,No,Yes,Yes,Two year,Yes,Bank transfer (automatic),105.15,7555
2607-FBDFF,No,No,No,1,Yes,No,DSL,No,No,No,Yes,No,No,Month-to-month,No,Credit card (automatic),49,49
9647-ERGBE,No,Yes,Yes,30,Yes,Yes,Fiber optic,No,No,Yes,No,Yes,Yes,Month-to-month,Yes,Electronic check,100.05,3046.15
3428-XZMAZ,No,No,No,1,Yes,No,Fiber optic,No,No,No,No,No,No,Month-to-month,Yes,Electronic check,69.35,69.35
1100-DDVRV,No,Yes,No,17,No,No,DSL,No,Yes,No,No,Yes,Yes,Month-to-month,Yes,Mailed check,49.8,836.35
0378-TOVMS,No,No,No,3,Yes,No,Fiber optic,No,No,No,Yes,No,Yes,Month-to-month,No,Electronic check,85.8,272.2
4355-HBJHH,No,Yes,Yes,67,Yes,Yes,DSL,Yes,No,Yes,No,Yes,Yes,Two year,Yes,Electronic check,79.7,5293.4
6728-WYQBC,No,No,No,1,Yes,No,No,No,No,No,No,No,No,Month-to-month,No,Bank transfer (automatic),20.95,20.95
9058-CBREO,Yes,No,No,1,Yes,Yes,DSL,No,No,No,No,No,No,Month-to-month,No,Mailed check,50.55,50.55
9029-FEGVJ,Yes,Yes,No,32,Yes,Yes,Fiber optic,No,No,Yes,No,No,No,Month-to-month,No,Mailed check,79.3,2570
7216-KAOID,No,Yes,Yes,41,Yes,No,No,No,No,No,No,No,No,One year,No,Bank transfer (automatic),19.5,798.2
0318-QUUOB,No,Yes,No,1,Yes,No,Fiber optic,No,No,No,No,Yes,No,Month-to-month,Yes,Electronic check,80.55,80.55
6145-NNPNO,No,No,No,1,Yes,No,DSL,No,No,No,No,No,No,Month-to-month,No,Bank transfer (automatic),44.15,44.15
5520-FVEWJ,No,Yes,Yes,12,Yes,Yes,Fiber optic,No,Yes,Yes,No,No,No,Month-to-month,Yes,Electronic check,84.5,916.9
5339-TJFEK,No,Yes,Yes,62,Yes,Yes,Fiber optic,Yes,Yes,No,No,Yes,Yes,Month-to-month,Yes,Electronic check,105.5,6487.2
5572-ZDXHY,No,No,No,22,Yes,No,Fiber optic,No,Yes,No,No,No,Yes,Month-to-month,Yes,Mailed check,84.3,1855.65
2074-GUHPQ,No,No,Yes,17,Yes,Yes,Fiber optic,No,Yes,Yes,Yes,No,No,Month-to-month,Yes,Credit card (automatic),92.7,1556.85
4625-XMOYM,No,Yes,Yes,72,Yes,Yes,No,No,No,No,No,No,No,Two year,Yes,Bank transfer (automatic),26.25,1988.05
5827-MWCZK,No,Yes,Yes,56,Yes,Yes,Fiber optic,No,Yes,No,Yes,Yes,No,Month-to-month,Yes,Credit card (automatic),96.95,5432.2
1385-TQOZW,No,No,No,9,Yes,No,No,No,No,No,No,No,No,Month-to-month,Yes,Credit card (automatic),20.45,147.55
5914-XRFQB,No,Yes,No,72,Yes,Yes,Fiber optic,Yes,Yes,Yes,Yes,Yes,Yes,Two year,Yes,Bank transfer (automatic),115.8,8424.9
4329-YPDDQ,No,No,No,20,Yes,No,Fiber optic,Yes,Yes,Yes,Yes,Yes,Yes,Month-to-month,Yes,Bank transfer (automatic),108.2,2203.7
4804-NCPET,No,Yes,Yes,19,Yes,No,No,No,No,No,No,No,No,Two year,No,Mailed check,20.2,387.4
3750-CKVKH,No,No,No,2,Yes,No,Fiber optic,No,No,No,No,No,No,Month-to-month,Yes,Electronic check,67.75,116.65
5944-UGLLK,No,No,No,53,No,No,DSL,No,No,Yes,Yes,Yes,Yes,One year,No,Credit card (automatic),54.9,3045.75
8063-GBATB,Yes,No,No,27,Yes,Yes,Fiber optic,No,No,No,No,No,Yes,Month-to-month,Yes,Electronic check,85.25,2287.25
7787-BNTZM,No,No,No,6,Yes,No,No,No,No,No,No,No,No,Month-to-month,No,Bank transfer (automatic),20.15,130.5
2252-ISRNH,No,Yes,Yes,9,Yes,Yes,Fiber optic,No,No,Yes,No,Yes,No,One year,Yes,Electronic check,90.35,767.9
9415-TPKRV,No,Yes,Yes,8,Yes,Yes,DSL,No,Yes,No,No,No,No,Month-to-month,No,Electronic check,55.75,446.8
5322-TEUJK,No,Yes,Yes,71,Yes,Yes,Fiber optic,Yes,Yes,Yes,Yes,Yes,Yes,Two year,No,Bank transfer (automatic),114.6,8100.25
4547-KQRTM,No,No,No,10,Yes,Yes,Fiber optic,No,Yes,No,No,No,No,Month-to-month,Yes,Bank transfer (automatic),80.05,830.7
4877-EVATK,No,No,No,1,Yes,No,No,No,No,No,No,No,No,Month-to-month,No,Mailed check,20,20
1866-DIOQZ,No,Yes,No,71,No,No,DSL,Yes,Yes,Yes,Yes,Yes,Yes,One year,No,Bank transfer (automatic),66.8,4689.15
8375-KVTHK,No,Yes,No,68,Yes,No,Fiber optic,No,Yes,No,Yes,Yes,Yes,One year,Yes,Electronic check,100.3,6754.35
2697-NQBPF,No,No,No,34,Yes,Yes,Fiber optic,No,Yes,No,Yes,Yes,Yes,Month-to-month,Yes,Electronic check,105.35,3540.65
3709-OIJEA,No,No,No,26,Yes,No,Fiber optic,No,Yes,Yes,Yes,No,No,One year,Yes,Electronic check,85.2,2184.6
7639-SUPCW,No,No,No,22,Yes,No,DSL,Yes,No,No,No,No,No,Month-to-month,Yes,Credit card (automatic),48.8,1054.6
1386-ZIKUV,No,No,No,7,Yes,No,No,No,No,No,No,No,No,Month-to-month,Yes,Mailed check,18.95,130.55
0599-XNYDO,No,Yes,No,20,Yes,No,Fiber optic,No,No,No,No,No,No,Month-to-month,Yes,Bank transfer (automatic),69.8,1540.35
6377-WHAOX,No,Yes,No,60,Yes,Yes,Fiber optic,No,Yes,Yes,No,Yes,Yes,Month-to-month,Yes,Electronic check,106.15,6411.25
6855-VLGOS,No,Yes,Yes,72,Yes,No,No,No,No,No,No,No,No,Two year,No,Electronic check,20.55,1432.55
8999-XXGNS,Yes,Yes,No,72,Yes,Yes,Fiber optic,No,Yes,Yes,No,Yes,Yes,One year,Yes,Credit card (automatic),105.75,7629.85
8746-OQQRW,No,No,No,4,Yes,Yes,No,No,No,No,No,No,No,Month-to-month,No,Mailed check,25.25,101.9
3181-MIZBN,No,Yes,Yes,16,Yes,No,No,No,No,No,No,No,No,Month-to-month,No,Electronic check,19.75,313.4
0471-ARVMX,Yes,Yes,No,62,Yes,Yes,Fiber optic,Yes,No,Yes,No,Yes,Yes,One year,Yes,Electronic check,104.85,6312.9
7766-CLTIC,No,No,No,10,Yes,No,DSL,No,No,No,Yes,No,Yes,Month-to-month,Yes,Mailed check,60.95,629.55
5650-YLIBA,No,No,No,31,Yes,Yes,Fiber optic,No,Yes,No,No,No,No,Month-to-month,Yes,Electronic check,81.15,2640.55
0825-CPPQH,No,Yes,No,71,Yes,No,No,No,No,No,No,No,No,Two year,No,Credit card (automatic),19.1,1372.45
9084-OAYKL,No,No,No,58,Yes,No,No,No,No,No,No,No,No,Two year,No,Mailed check,20.8,1212.25
6122-LJADA,No,Yes,Yes,70,Yes,Yes,DSL,Yes,Yes,Yes,Yes,Yes,Yes,Two year,Yes,Credit card (automatic),90.15,6237.05
2400-XIWIO,No,Yes,No,71,Yes,Yes,DSL,Yes,Yes,Yes,Yes,Yes,Yes,Two year,No,Electronic check,90.1,6310.9
7524-VRLPL,Yes,No,No,69,Yes,Yes,DSL,Yes,No,Yes,Yes,No,Yes,Two year,No,Credit card (automatic),74.1,5031
1069-XAIEM,Yes,No,No,1,Yes,Yes,Fiber optic,No,No,No,No,No,Yes,Month-to-month,Yes,Electronic check,85.05,85.05
7569-NMZYQ,No,Yes,Yes,72,Yes,Yes,Fiber optic,Yes,Yes,Yes,Yes,Yes,Yes,Two year,Yes,Bank transfer (automatic),118.75,8672.45
5201-USSQZ,No,Yes,No,26,Yes,No,Fiber optic,No,No,No,Yes,No,Yes,Month-to-month,No,Credit card (automatic),85.9,2196.45
2105-PHWON,No,Yes,No,33,Yes,Yes,Fiber optic,No,No,Yes,Yes,No,Yes,Month-to-month,Yes,Credit card (automatic),95,3008.15
1494-EJZDW,No,Yes,Yes,10,Yes,No,No,No,No,No,No,No,No,Two year,No,Mailed check,20.15,220.8
4884-TVUQF,Yes,No,No,57,Yes,Yes,Fiber optic,Yes,No,Yes,Yes,No,Yes,Two year,No,Credit card (automatic),101.3,5779.6
8003-EWNDZ,No,No,No,10,Yes,No,No,No,No,No,No,No,No,Month-to-month,Yes,Electronic check,21.2,222.65
1897-RCFUM,No,Yes,Yes,39,Yes,Yes,No,No,No,No,No,No,No,One year,Yes,Mailed check,24.2,914.6
9256-JTBNZ,No,No,No,11,Yes,No,No,No,No,No,No,No,No,Month-to-month,No,Bank transfer (automatic),20.3,246.3
4658-HCOHW,No,Yes,Yes,21,Yes,No,Fiber optic,No,Yes,Yes,Yes,Yes,Yes,Month-to-month,Yes,Electronic check,102.8,2110.15
2211-RMNHO,No,Yes,Yes,68,Yes,Yes,DSL,No,Yes,Yes,Yes,Yes,Yes,Two year,No,Bank transfer (automatic),85.3,5560
2432-TFSMK,No,No,No,18,Yes,Yes,Fiber optic,No,No,Yes,No,Yes,No,One year,Yes,Credit card (automatic),89.6,1633
3440-JPSCL,No,No,No,6,Yes,No,Fiber optic,No,No,Yes,Yes,Yes,Yes,Month-to-month,Yes,Mailed check,99.95,547.65
4929-ROART,No,No,No,18,Yes,Yes,DSL,Yes,No,No,No,No,No,Month-to-month,No,Mailed check,56.25,969.85
1834-ABKHQ,No,Yes,Yes,52,Yes,No,DSL,No,No,Yes,No,No,No,One year,Yes,Bank transfer (automatic),50.95,2610.65
1741-WTPON,No,Yes,Yes,56,Yes,Yes,Fiber optic,Yes,Yes,Yes,Yes,Yes,Yes,Two year,No,Mailed check,115.85,6567.9
3932-IJWDZ,No,No,No,45,Yes,Yes,Fiber optic,No,No,Yes,Yes,Yes,Yes,Month-to-month,Yes,Bank transfer (automatic),103.65,4747.85
1240-HCBOH,No,No,No,67,Yes,Yes,No,No,No,No,No,No,No,Two year,Yes,Mailed check,26.1,1759.55
3594-KADLU,No,Yes,No,3,No,No,DSL,Yes,No,No,Yes,No,No,Month-to-month,No,Mailed check,35.1,101.1
8065-BVEPF,Yes,No,No,65,Yes,No,Fiber optic,No,Yes,Yes,No,Yes,Yes,Month-to-month,Yes,Bank transfer (automatic),99.1,6496.15
3796-ENZGF,No,Yes,No,63,Yes,Yes,DSL,No,Yes,No,Yes,No,Yes,Two year,No,Mailed check,67.25,4234.15
1734-ZMNTZ,No,Yes,Yes,11,Yes,Yes,No,No,No,No,No,No,No,Two year,No,Mailed check,25,300.7
2853-CWQFQ,No,No,Yes,1,Yes,No,DSL,No,No,No,Yes,No,Yes,Month-to-month,Yes,Mailed check,59.55,59.55
0813-TAXXS,No,No,No,55,Yes,Yes,DSL,No,No,Yes,No,Yes,Yes,Two year,Yes,Bank transfer (automatic),77.8,4323.35
2519-TWKFS,No,Yes,Yes,25,Yes,Yes,DSL,No,No,No,Yes,No,No,One year,Yes,Mailed check,55.1,1466.1
2889-FPWRM,No,Yes,No,72,Yes,Yes,Fiber optic,Yes,Yes,Yes,Yes,Yes,Yes,One year,Yes,Bank transfer (automatic),117.8,8684.8
0626-QXNGV,No,Yes,No,72,Yes,Yes,No,No,No,No,No,No,No,Two year,Yes,Credit card (automatic),24.15,1776.45
6723-CEGQI,No,No,Yes,65,No,No,DSL,No,Yes,No,Yes,Yes,No,Two year,No,Mailed check,45.25,2933.95
6987-XQSJT,Yes,No,No,54,Yes,Yes,Fiber optic,No,Yes,No,No,No,No,Month-to-month,Yes,Electronic check,79.5,4370.25
4732-RRJZC,No,Yes,Yes,7,Yes,No,No,No,No,No,No,No,No,Month-to-month,No,Mailed check,20.25,144.35
9499-XPZXM,No,Yes,No,72,Yes,Yes,DSL,Yes,Yes,No,Yes,No,No,Two year,No,Bank transfer (automatic),64.75,4804.75
4338-EYCER,No,Yes,No,21,Yes,No,DSL,No,No,No,No,Yes,No,Month-to-month,No,Bank transfer (automatic),54.6,1125.2
3007-FDPEA,No,No,No,2,Yes,No,No,No,No,No,No,No,No,Month-to-month,Yes,Bank transfer (automatic),20.7,39.85
6350-XFYGW,Yes,No,No,4,Yes,No,Fiber optic,No,No,Yes,No,Yes,Yes,Month-to-month,Yes,Electronic check,94.75,422.4
4290-BSXUX,No,Yes,No,3,Yes,Yes,Fiber optic,No,No,No,Yes,No,No,Month-to-month,Yes,Bank transfer (automatic),79.65,251.75
8513-OLYGY,No,Yes,No,72,Yes,Yes,Fiber optic,Yes,Yes,Yes,Yes,Yes,Yes,Two year,No,Credit card (automatic),115.8,8332.15
0311-QYWSS,No,No,No,6,Yes,No,DSL,Yes,No,No,No,No,No,Month-to-month,Yes,Electronic check,49.45,314.6
8705-DWKTI,No,No,No,52,Yes,No,Fiber optic,No,No,Yes,No,No,Yes,Month-to-month,Yes,Credit card (automatic),83.8,4331.4
8755-IWJHN,Yes,Yes,No,69,Yes,Yes,Fiber optic,No,Yes,Yes,No,No,Yes,Month-to-month,Yes,Bank transfer (automatic),95.35,6382
0325-XBFAC,No,No,No,8,Yes,No,Fiber optic,No,No,Yes,No,Yes,Yes,Month-to-month,Yes,Electronic check,94.7,740.3
4480-QQRHC,Yes,No,No,8,Yes,No,Fiber optic,No,No,Yes,No,No,No,Month-to-month,Yes,Bank transfer (automatic),74.05,600.15
0929-PECLO,Yes,No,No,63,Yes,Yes,Fiber optic,No,No,Yes,No,No,Yes,Month-to-month,Yes,Bank transfer (automatic),89.6,5538.8
3680-CTHUH,No,No,No,60,Yes,Yes,Fiber optic,Yes,Yes,Yes,Yes,Yes,Yes,One year,Yes,Credit card (automatic),116.6,7049.5
1202-KKGFU,No,Yes,No,12,Yes,No,DSL,Yes,No,No,Yes,No,No,Month-to-month,No,Bank transfer (automatic),54.2,690.5
6112-KTHFQ,No,No,No,13,Yes,No,No,No,No,No,No,No,No,Month-to-month,Yes,Mailed check,19.3,279.3
1852-XEMDW,No,No,No,22,Yes,Yes,DSL,Yes,Yes,Yes,No,No,No,Month-to-month,No,Mailed check,65.05,1427.55
2462-XIIJB,No,No,No,5,Yes,Yes,Fiber optic,No,No,Yes,No,Yes,No,Month-to-month,Yes,Electronic check,92.5,452.7
4760-XOHVN,No,Yes,Yes,1,Yes,No,No,No,No,No,No,No,No,Month-to-month,No,Mailed check,19.45,19.45
1820-DJFPH,No,Yes,Yes,72,Yes,Yes,No,No,No,No,No,No,No,Two year,Yes,Bank transfer (automatic),24.05,1709.15
9426-SXNHE,No,No,No,2,Yes,No,No,No,No,No,No,No,No,Month-to-month,No,Bank transfer (automatic),18.75,53.15
9068-FHQHD,No,Yes,Yes,40,Yes,No,No,No,No,No,No,No,No,Two year,No,Bank transfer (automatic),20.15,777.35
1269-FOYWN,No,Yes,Yes,44,Yes,No,No,No,No,No,No,No,No,One year,No,Bank transfer (automatic),20,860.85
9470-YFUYI,Yes,Yes,No,71,Yes,No,DSL,Yes,Yes,No,Yes,Yes,No,One year,Yes,Bank transfer (automatic),71,5012.1
7817-BOQPW,No,No,No,2,Yes,Yes,Fiber optic,No,No,No,No,No,No,Month-to-month,Yes,Electronic check,75.55,166.3
7402-EYFXX,Yes,No,No,26,Yes,Yes,Fiber optic,No,No,No,No,Yes,Yes,Month-to-month,Yes,Electronic check,93.6,2404.1
1853-UDXBW,No,Yes,Yes,1,Yes,No,Fiber optic,No,No,No,No,No,No,Month-to-month,Yes,Electronic check,70,70
9895-VFOXH,No,No,No,1,No,No,DSL,No,No,No,No,No,No,Month-to-month,No,Mailed check,24.4,24.4
5458-CQJTA,No,Yes,Yes,65,Yes,No,DSL,Yes,No,No,Yes,Yes,Yes,Two year,Yes,Bank transfer (automatic),74.8,4820.15
1230-QAJDW,No,No,No,3,Yes,Yes,DSL,No,No,No,Yes,Yes,No,Month-to-month,Yes,Mailed check,65.25,209.9
5701-ZIKJE,No,No,No,13,Yes,No,DSL,No,No,No,Yes,No,No,Month-to-month,Yes,Mailed check,50.55,610.75
5219-YIPTK,No,Yes,No,33,Yes,Yes,Fiber optic,No,Yes,Yes,No,Yes,Yes,Month-to-month,Yes,Electronic check,104.4,3409.6
5032-MIYKT,No,No,No,1,Yes,No,Fiber optic,No,No,No,No,No,No,Month-to-month,Yes,Mailed check,70.7,70.7
7396-VJUZB,No,Yes,Yes,4,Yes,No,DSL,No,No,No,No,No,No,Month-to-month,No,Mailed check,45.25,155.35
9717-QEBGU,No,No,No,2,Yes,No,Fiber optic,No,No,No,No,No,No,Month-to-month,Yes,Electronic check,70.3,144
5172-RKOCB,No,Yes,No,72,Yes,Yes,Fiber optic,Yes,Yes,No,Yes,Yes,Yes,Two year,Yes,Credit card (automatic),108.95,7875
6509-TSGWN,No,Yes,Yes,37,Yes,Yes,No,No,No,No,No,No,No,Month-to-month,No,Mailed check,26.45,911.6
3540-RZJYU,No,No,No,15,Yes,No,Fiber optic,Yes,No,No,No,Yes,No,Month-to-month,No,Electronic check,86.2,1270.2
3178-CIFOT,No,No,No,23,Yes,No,No,No,No,No,No,No,No,One year,Yes,Credit card (automatic),19.65,478.1
2091-MJTFX,No,Yes,Yes,30,No,No,DSL,No,No,No,Yes,Yes,Yes,Month-to-month,No,Credit card (automatic),51.2,1561.5
4530-NDRKU,No,Yes,Yes,42,Yes,No,No,No,No,No,No,No,No,One year,Yes,Electronic check,19.05,761.85
5985-TBABQ,No,No,No,32,Yes,Yes,DSL,Yes,No,No,No,Yes,Yes,One year,No,Mailed check,74.75,2282.95
9800-ONTFE,No,Yes,Yes,22,Yes,Yes,Fiber optic,No,No,No,No,No,No,Month-to-month,Yes,Bank transfer (automatic),75.8,1615.1
6743-HHQPF,No,Yes,No,42,No,No,DSL,No,No,No,No,No,No,Month-to-month,Yes,Credit card (automatic),25.1,1097.15
8455-HIRAQ,No,No,No,8,Yes,No,DSL,No,No,No,No,No,No,Month-to-month,No,Mailed check,44.45,369.3
6616-AALSR,No,Yes,Yes,65,Yes,Yes,Fiber optic,Yes,No,Yes,No,Yes,Yes,Two year,Yes,Credit card (automatic),104.3,6725.3
0883-EIBTI,No,No,No,2,Yes,No,No,No,No,No,No,No,No,Month-to-month,No,Mailed check,19.5,31.55
9415-ZNBSX,No,Yes,Yes,70,Yes,Yes,DSL,Yes,Yes,Yes,Yes,Yes,Yes,Two year,Yes,Bank transfer (automatic),89,6293.2
4018-KJYUY,No,No,Yes,22,Yes,No,No,No,No,No,No,No,No,Month-to-month,No,Credit card (automatic),20.15,432.5
0722-TROQR,Yes,No,No,4,Yes,Yes,Fiber optic,No,No,No,No,No,No,Month-to-month,Yes,Electronic check,74.9,321.75
7571-YXDAD,No,No,No,2,Yes,Yes,Fiber optic,No,No,No,No,No,No,Month-to-month,No,Credit card (automatic),74.9,147.15
3884-UEBXB,No,Yes,Yes,67,No,No,DSL,Yes,Yes,No,No,No,No,Two year,No,Bank transfer (automatic),36.15,2434.45
8780-RSYYU,No,No,No,25,Yes,No,No,No,No,No,No,No,No,Month-to-month,Yes,Credit card (automatic),19.2,532.1
5537-UXXVS,No,Yes,No,20,Yes,No,No,No,No,No,No,No,No,Month-to-month,No,Bank transfer (automatic),19.25,375.25
1791-PQHBB,No,No,Yes,2,Yes,No,DSL,Yes,No,No,No,No,Yes,Month-to-month,Yes,Credit card (automatic),61.2,125.95
8701-DGLVH,No,No,No,51,Yes,No,No,No,No,No,No,No,No,Two year,No,Mailed check,20.45,1042.65
8741-LQOBK,No,Yes,Yes,46,No,No,DSL,Yes,Yes,No,No,No,No,Month-to-month,No,Bank transfer (automatic),35.05,1620.25
3393-FMZPV,No,No,No,25,Yes,Yes,Fiber optic,No,Yes,No,No,Yes,Yes,Month-to-month,Yes,Electronic check,100.25,2387.75
8082-GHXOP,No,No,Yes,13,Yes,No,DSL,No,No,No,No,No,No,Month-to-month,No,Mailed check,44,659.35
6402-ZFPPI,Yes,No,No,25,Yes,Yes,Fiber optic,Yes,Yes,No,No,Yes,Yes,Month-to-month,Yes,Mailed check,102.8,2660.2
0980-FEXWF,No,Yes,Yes,26,Yes,No,DSL,No,No,Yes,No,No,No,One year,No,Mailed check,50.35,1285.8
7486-KSRVI,No,No,No,43,Yes,Yes,Fiber optic,No,No,No,Yes,Yes,Yes,One year,Yes,Electronic check,100,4211.55
3011-WQKSZ,No,No,Yes,19,Yes,No,No,No,No,No,No,No,No,Month-to-month,Yes,Electronic check,20,377.55
8443-WVPSS,No,Yes,No,10,Yes,No,Fiber optic,No,Yes,No,Yes,Yes,Yes,Month-to-month,Yes,Electronic check,99.85,990.9
3006-XIMLN,No,No,Yes,2,Yes,Yes,Fiber optic,No,No,No,No,Yes,Yes,Month-to-month,Yes,Bank transfer (automatic),94.2,193.8
8218-FFJDS,No,Yes,No,72,Yes,Yes,DSL,Yes,Yes,No,Yes,Yes,Yes,Two year,Yes,Bank transfer (automatic),86.4,6058.95
1986-PHGZF,Yes,No,No,18,Yes,Yes,DSL,Yes,Yes,No,No,No,No,Month-to-month,Yes,Credit card (automatic),58.4,964.9
9965-YOKZB,Yes,No,No,9,Yes,Yes,Fiber optic,No,No,No,No,No,Yes,Month-to-month,Yes,Electronic check,83.85,790.15
0504-HHAPI,Yes,No,No,27,Yes,Yes,Fiber optic,No,No,Yes,No,No,Yes,Month-to-month,No,Credit card (automatic),88.3,2467.75
9360-OMDZZ,No,No,No,24,Yes,Yes,Fiber optic,No,No,No,No,Yes,Yes,Month-to-month,Yes,Electronic check,94.1,2322.85
6305-YLBMM,No,No,No,69,Yes,No,Fiber optic,No,Yes,Yes,Yes,Yes,Yes,One year,Yes,Bank transfer (automatic),104.05,7262
0345-XMMUG,No,Yes,No,46,Yes,Yes,Fiber optic,No,Yes,Yes,Yes,Yes,Yes,Two year,Yes,Credit card (automatic),108.9,4854.3
8024-XNAFQ,Yes,No,No,72,Yes,Yes,Fiber optic,Yes,Yes,Yes,Yes,No,Yes,Two year,Yes,Bank transfer (automatic),107.4,7748.75
3647-GMGDH,No,Yes,No,22,Yes,No,Fiber optic,No,No,Yes,No,Yes,Yes,Month-to-month,Yes,Credit card (automatic),94.7,1914.9
2988-GBIVW,Yes,Yes,No,70,Yes,Yes,Fiber optic,Yes,No,No,No,No,Yes,Month-to-month,Yes,Electronic check,90.85,6470.1
2832-SCUCO,No,No,No,2,Yes,No,No,No,No,No,No,No,No,Month-to-month,No,Electronic check,19.9,57.4
7036-ZZKBD,No,Yes,No,31,Yes,No,DSL,No,No,Yes,Yes,No,Yes,Month-to-month,Yes,Credit card (automatic),66.4,2019.8
3791-LGQCY,Yes,Yes,No,56,Yes,Yes,Fiber optic,No,No,Yes,No,Yes,Yes,Month-to-month,Yes,Bank transfer (automatic),100.65,5688.05
0661-KQHNK,No,Yes,Yes,6,Yes,No,No,No,No,No,No,No,No,One year,No,Credit card (automatic),19,105.5
8709-KRDVL,No,No,No,33,Yes,Yes,Fiber optic,No,Yes,No,No,Yes,Yes,Month-to-month,Yes,Electronic check,100,3320.6
4488-PSYCG,No,No,No,16,Yes,No,No,No,No,No,No,No,No,Month-to-month,No,Bank transfer (automatic),20.25,327.45
1427-VERSM,No,Yes,No,56,Yes,No,Fiber optic,No,No,Yes,Yes,Yes,Yes,Month-to-month,Yes,Electronic check,98.7,5669.5
9801-NOSHQ,No,No,Yes,23,Yes,No,No,No,No,No,No,No,No,One year,No,Mailed check,19.8,465.45
6339-YPSAH,No,No,No,9,Yes,No,Fiber optic,No,No,Yes,No,No,No,Month-to-month,Yes,Electronic check,73.8,704.3
3621-CEOVK,Yes,Yes,No,14,Yes,Yes,Fiber optic,No,Yes,No,No,Yes,Yes,Month-to-month,Yes,Electronic check,100.2,1369.8
6906-ANDWJ,No,Yes,Yes,15,Yes,Yes,Fiber optic,No,No,No,No,No,No,Month-to-month,Yes,Bank transfer (automatic),74.9,1107.25
2159-TURXX,No,No,No,5,Yes,No,No,No,No,No,No,No,No,Month-to-month,No,Credit card (automatic),20.05,95.55
1548-FEHVL,No,Yes,No,61,Yes,Yes,Fiber optic,Yes,Yes,No,No,Yes,Yes,Month-to-month,Yes,Electronic check,106.2,6375.2
2346-CZYIL,No,No,No,27,Yes,No,No,No,No,No,No,No,No,Two year,No,Credit card (automatic),20.35,531.6
3798-EPWRR,Yes,No,No,2,Yes,No,DSL,No,No,No,No,No,No,Month-to-month,No,Electronic check,43.95,85.1
6258-NGCNG,No,No,No,7,Yes,Yes,No,No,No,No,No,No,No,Month-to-month,No,Mailed check,23.5,173
4186-ZBUEW,No,No,No,36,Yes,Yes,DSL,No,Yes,No,Yes,No,Yes,One year,Yes,Mailed check,70.7,2511.95
5274-XHAKY,No,Yes,Yes,41,Yes,Yes,Fiber optic,Yes,Yes,No,No,Yes,No,Month-to-month,Yes,Bank transfer (automatic),94.3,3893.6
1442-BQPVU,No,No,No,13,No,No,DSL,No,Yes,No,No,No,No,Month-to-month,No,Electronic check,29.15,357.15
3978-YNKDD,No,No,Yes,19,Yes,No,No,No,No,No,No,No,No,Two year,No,Credit card (automatic),20.85,467.5
